Wilayah,SUBMITTED BY Pencacah,APPROVED BY Pengawas,DRAFT,REVOKED BY Pengawas,OPEN,COMPLETED BY Admin Kabupaten,REJECTED BY Pengawas,EDITED BY Admin Kabupaten,SUBMITTED RESPONDENT
32731800050015,1231,612,4,4,1,,,,
32731800050027,410,102,40,2,,,,,
32731800050008,319,53,7,5,2,1,,,
32731800050030,217,75,35,2,,,,,
32731800050026,239,70,1,,,,,,
32731800050071,229,1,34,,15,,1,,
32731800050044,218,54,3,,,,,,
32731800050002,115,124,4,1,1,,,,
32731800050001,38,179,3,1,,5,14,,
32731800050062,141,78,,11,1,,,,
32731800050079,214,12,,1,,,,,
32731800050067,193,21,1,1,,2,,,
32731800050004,147,55,1,11,,2,,,
32731800050040,215,,,,,,,,
32731800050007,120,89,,1,,2,,1,1
32731800050053,83,116,,2,,,,,
32731800050005,75,124,,1,,,,,
32731800050009,86,107,2,1,,,2,,
32731800050018,188,3,,1,3,1,,,
32731800050043,149,42,,4,,1,,,
32731800050070,189,,1,,,,,,
32731800050022,163,12,6,2,,,,,
32731800050052,183,,,,,,,,
32731800050048,176,,2,,,,,,
32731800050025,151,24,,1,,,1,,
32731800050077,138,29,2,,2,,,,
32731800050060,168,2,,,,,,,
32731800050068,109,60,,,,,,1,
32731800050069,164,,6,,,,,,
32731800050064,128,40,,,,,,,
32731800050081,165,1,1,,,,,,
32731800050039,165,,1,,,,,,
32731800050047,166,,,,,,,,
32731800050066,76,72,15,,,,,,
32731800050061,72,84,,,,,,,
32731800050065,149,,4,,,,,,
32731800050087,136,14,1,,,,,,
32731800050074,97,49,3,1,,,,,
32731800050073,134,,7,,,,7,,
32731800050003,82,45,,,,,17,,
32731800050010,96,44,,,,,,,
32731800050011,94,40,,,,,,,
32731800050020,109,17,3,3,2,,,,
32731800050033,126,3,3,,,,,,
32731800050051,33,97,,,,,,,
32731800050023,99,28,2,,,,,,
32731800050031,128,1,,,,,,,
32731800050013,25,102,,,,,,,
32731800050019,113,12,,,,,,,
32731800050029,105,17,3,,,,,,